[
    {
        "id": "blog01",
        "image": "https://kartly.netlify.app/assets/img/post/post_h-2.png",
        "title": "Microsoft Xbox Consoles",
        "date": "15 July 2020"
    },
    {
        "id": "blog01",
        "image": "https://kartly.netlify.app/assets/img/post/post_h-3.png",
        "title": "Microsoft Xbox Consoles",
        "date": "15 July 2020"
    },
    {
        "id": "blog01",
        "image": "https://kartly.netlify.app/assets/img/post/post_h-4.png",
        "title": "Microsoft Xbox Consoles",
        "date": "15 July 2020"
    },
    {
        "id": "blog01",
        "image": "https://kartly.netlify.app/assets/img/post/post_h-2.png",
        "title": "Microsoft Xbox Consoles",
        "date": "15 July 2020"
    }
]